{
    "code": 0,
    "message": "0",
    "ttl": 1,
    "data": [
        {
            "tid": 2,
            "business": 1,
            "weight": 100,
            "round": 1,
            "state": 1,
            "name": "违法违禁",
            "remark": "为帮助审核人员更快处理，补充违规内容出现位置",
            "ctime": "2018-08-13T15:41:20+08:00",
            "mtime": "2018-08-13T15:41:20+08:00",
            "controls": null
        },
        {
            "tid": 3,
            "business": 1,
            "weight": 90,
            "round": 1,
            "state": 1,
            "name": "色情",
            "remark": "为帮助审核人员更快处理，补充违规内容出现位置",
            "ctime": "2018-08-13T15:41:20+08:00",
            "mtime": "2018-08-13T15:41:20+08:00",
            "controls": null
        },
        {
            "tid": 4,
            "business": 1,
            "weight": 80,
            "round": 1,
            "state": 1,
            "name": "低俗",
            "remark": "为帮助审核人员更快处理，补充违规内容出现位置",
            "ctime": "2018-08-13T15:41:20+08:00",
            "mtime": "2018-08-13T15:41:20+08:00",
            "controls": null
        },
        {
            "tid": 5,
            "business": 1,
            "weight": 70,
            "round": 1,
            "state": 1,
            "name": "赌博诈骗",
            "remark": "为帮助审核人员更快处理，补充违规内容出现位置",
            "ctime": "2018-08-13T15:41:20+08:00",
            "mtime": "2018-08-13T15:41:20+08:00",
            "controls": null
        },
        {
            "tid": 6,
            "business": 1,
            "weight": 60,
            "round": 1,
            "state": 1,
            "name": "血腥暴力",
            "remark": "为帮助审核人员更快处理，补充违规内容出现位置",
            "ctime": "2018-08-13T15:41:20+08:00",
            "mtime": "2018-08-13T15:41:20+08:00",
            "controls": null
        },
        {
            "tid": 7,
            "business": 1,
            "weight": 50,
            "round": 1,
            "state": 1,
            "name": "人身攻击",
            "remark": "为帮助审核人员更快处理，补充违规内容出现位置",
            "ctime": "2018-08-13T15:41:20+08:00",
            "mtime": "2018-08-13T15:41:20+08:00",
            "controls": null
        },
        {
            "tid": 8,
            "business": 1,
            "weight": 40,
            "round": 1,
            "state": 1,
            "name": "与站内其他视频撞车",
            "remark": "为帮助审核人员更快处理, 请描述撞车信息",
            "ctime": "2018-08-13T15:41:20+08:00",
            "mtime": "2018-08-23T00:30:04+08:00",
            "controls": [
                {
                    "tid": 8,
                    "bid": 1,
                    "name": "撞车对象",
                    "title": "撞车对象",
                    "component": "input",
                    "placeholder": "BVID",
                    "required": 1
                }
            ]
        },
        {
            "tid": 10000,
            "business": 1,
            "weight": 10,
            "round": 1,
            "state": 1,
            "name": "青少年不良信息",
            "remark": "为帮助审核人员更快处理, 请补充违规内容出现位置",
            "ctime": "2018-08-13T15:41:20+08:00",
            "mtime": "2018-08-13T15:41:20+08:00",
            "controls": null
        },
        {
            "tid": 10013,
            "business": 1,
            "weight": 37,
            "round": 1,
            "state": 1,
            "name": "不良封面/标题",
            "remark": "为帮助审核人员更快处理, 请描述详细信息",
            "ctime": "2019-04-17T19:18:09+08:00",
            "mtime": "2019-04-17T20:42:25+08:00",
            "controls": null
        },
        {
            "tid": 10014,
            "business": 1,
            "weight": 8,
            "round": 1,
            "state": 1,
            "name": "涉政谣言",
            "remark": "为帮助审核人员更快处理，请补充谣言内容出现位置",
            "ctime": "2022-09-15T17:23:44+08:00",
            "mtime": "2022-09-16T09:56:07+08:00",
            "controls": null
        },
        {
            "tid": 10015,
            "business": 1,
            "weight": 7,
            "round": 1,
            "state": 1,
            "name": "涉社会事件谣言",
            "remark": "为帮助审核人员更快处理，请补充谣言内容出现位置",
            "ctime": "2022-09-15T17:25:56+08:00",
            "mtime": "2022-09-16T09:56:07+08:00",
            "controls": null
        },
        {
            "tid": 10016,
            "business": 1,
            "weight": 6,
            "round": 1,
            "state": 1,
            "name": "疫情谣言",
            "remark": "为帮助审核人员更快处理，请补充谣言内容出现位置",
            "ctime": "2022-09-15T17:26:40+08:00",
            "mtime": "2022-09-16T09:56:08+08:00",
            "controls": null
        },
        {
            "tid": 10017,
            "business": 1,
            "weight": 5,
            "round": 1,
            "state": 1,
            "name": "虚假不实信息",
            "remark": "为帮助审核人员更快处理，请补充不实内容出现位置",
            "ctime": "2022-09-15T17:28:16+08:00",
            "mtime": "2022-09-16T09:56:08+08:00",
            "controls": null
        },
        {
            "tid": 1,
            "business": 1,
            "weight": 1,
            "round": 2,
            "state": 1,
            "name": "有其他问题",
            "remark": "为帮助审核人员更快处理，请补充问题类型和出现位置等详细信息",
            "ctime": "2018-08-13T15:41:20+08:00",
            "mtime": "2018-08-13T15:41:20+08:00",
            "controls": null
        },
        {
            "tid": 9,
            "business": 1,
            "weight": 30,
            "round": 2,
            "state": 1,
            "name": "引战",
            "remark": "为帮助审核人员更快处理, 请补充引战的话题和出现位置",
            "ctime": "2018-08-13T15:41:20+08:00",
            "mtime": "2018-08-13T15:41:20+08:00",
            "controls": null
        },
        {
            "tid": 10,
            "business": 1,
            "weight": 20,
            "round": 2,
            "state": 1,
            "name": "不能参加充电",
            "remark": "为帮助审核人员更快处理, 请补充问题类型和出现位置等详细信息",
            "ctime": "2018-08-13T15:41:20+08:00",
            "mtime": "2018-08-23T11:35:28+08:00",
            "controls": null
        },
        {
            "tid": 52,
            "business": 1,
            "weight": 35,
            "round": 2,
            "state": 1,
            "name": "转载/自制类型错误",
            "remark": "为帮助审核人员更快处理, 请补充原创作品出处",
            "ctime": "2018-08-13T15:41:20+08:00",
            "mtime": "2018-08-13T15:41:20+08:00",
            "controls": [
                {
                    "tid": 52,
                    "bid": 1,
                    "name": "出处",
                    "title": "原创视频出处",
                    "component": "link",
                    "placeholder": "请填写链接",
                    "required": 1
                }
            ]
        }
    ]
}