{
    "code": 0,
    "message": "0",
    "ttl": 1,
    "data": {
        "1": [
            {
                "id": 3,
                "name": "华语",
                "type": 0
            },
            {
                "id": 6,
                "name": "欧美",
                "type": 0
            },
            {
                "id": 7,
                "name": "日语",
                "type": 0
            },
            {
                "id": 61,
                "name": "韩语",
                "type": 0
            },
            {
                "id": 1,
                "name": "其他",
                "type": 0
            }
        ],
        "2": [
            {
                "id": 1,
                "name": "流行",
                "type": 0
            },
            {
                "id": 2,
                "name": "摇滚",
                "type": 0
            },
            {
                "id": 3,
                "name": "电子音乐",
                "type": 0
            },
            {
                "id": 4,
                "name": "乡村",
                "type": 0
            },
            {
                "id": 5,
                "name": "民谣",
                "type": 0
            },
            {
                "id": 6,
                "name": "轻音乐",
                "type": 0
            },
            {
                "id": 7,
                "name": "古典",
                "type": 0
            },
            {
                "id": 8,
                "name": "新世纪",
                "type": 0
            },
            {
                "id": 9,
                "name": "雷鬼",
                "type": 0
            },
            {
                "id": 10,
                "name": "布鲁斯",
                "type": 0
            },
            {
                "id": 12,
                "name": "节奏与布鲁斯",
                "type": 0
            },
            {
                "id": 13,
                "name": "原声",
                "type": 0
            },
            {
                "id": 14,
                "name": "世界音乐",
                "type": 0
            },
            {
                "id": 15,
                "name": "儿童音乐",
                "type": 0
            },
            {
                "id": 16,
                "name": "拉丁",
                "type": 0
            },
            {
                "id": 17,
                "name": "朋克",
                "type": 0
            },
            {
                "id": 18,
                "name": "金属",
                "type": 0
            },
            {
                "id": 19,
                "name": "爵士",
                "type": 0
            },
            {
                "id": 20,
                "name": "嘻哈",
                "type": 0
            },
            {
                "id": 21,
                "name": "唱作人",
                "type": 0
            },
            {
                "id": 22,
                "name": "娱乐/舞台",
                "type": 0
            },
            {
                "id": 23,
                "name": "其他",
                "type": 0
            }
        ]
    }
}
