{
    "anime": {
        "indexType": "anime",
        "ssType": 1,
        "spmId": "666.14",
        "tid": 13,
        "filters": [
            {
                "title": "类型",
                "key": "season_version",
                "list": [
                    {
                        "value": -1,
                        "name": "全部"
                    },
                    {
                        "value": 1,
                        "name": "正片"
                    },
                    {
                        "value": 2,
                        "name": "电影"
                    },
                    {
                        "value": 3,
                        "name": "其他"
                    }
                ]
            },
            {
                "title": "配音",
                "key": "spoken_language_type",
                "list": [
                    {
                        "value": -1,
                        "name": "全部"
                    },
                    {
                        "value": 1,
                        "name": "原声"
                    },
                    {
                        "value": 2,
                        "name": "中文配音"
                    }
                ]
            },
            {
                "title": "地区",
                "key": "area",
                "list": [
                    {
                        "value": -1,
                        "name": "全部"
                    },
                    {
                        "value": 2,
                        "name": "日本"
                    },
                    {
                        "value": 3,
                        "name": "美国"
                    },
                    {
                        "value": "1,4,5,6,7,8,9,10,11,12,13,14,15,16,17,18,19,20,21,22,23,24,25,26,27,28,29,30,31,32,33,34,35,36,37,38,39,40,41,42,43,44,45,46,47,48,49,50,51,52,53,54,55,56,57,58,59,60,61,62,63,64,65,66,67,68,69,70",
                        "name": "其他"
                    }
                ]
            },
            {
                "title": "状态",
                "key": "is_finish",
                "list": [
                    {
                        "value": -1,
                        "name": "全部"
                    },
                    {
                        "value": 1,
                        "name": "完结"
                    },
                    {
                        "value": 0,
                        "name": "连载"
                    }
                ]
            },
            {
                "title": "版权",
                "key": "copyright",
                "list": [
                    {
                        "value": -1,
                        "name": "全部"
                    },
                    {
                        "value": 3,
                        "name": "独家"
                    },
                    {
                        "value": "1,2,4",
                        "name": "其他"
                    }
                ]
            },
            {
                "title": "付费",
                "key": "season_status",
                "list": [
                    {
                        "value": -1,
                        "name": "全部"
                    },
                    {
                        "value": 1,
                        "name": "免费"
                    },
                    {
                        "value": "2,6",
                        "name": "付费"
                    },
                    {
                        "value": "4,6",
                        "name": "大会员"
                    }
                ],
                "free": true
            },
            {
                "title": "季度",
                "key": "season_month",
                "list": [
                    {
                        "value": -1,
                        "name": "全部"
                    },
                    {
                        "value": 1,
                        "name": "1月"
                    },
                    {
                        "value": 4,
                        "name": "4月"
                    },
                    {
                        "value": 7,
                        "name": "7月"
                    },
                    {
                        "value": 10,
                        "name": "10月"
                    }
                ]
            },
            {
                "title": "年份",
                "key": "year",
                "list": [
                    {
                        "value": -1,
                        "name": "全部"
                    },
                    {
                        "value": "[2025,2026)",
                        "name": "2025"
                    },
                    {
                        "value": "[2024,2025)",
                        "name": "2024"
                    },
                    {
                        "value": "[2023,2024)",
                        "name": "2023"
                    },
                    {
                        "value": "[2022,2023)",
                        "name": "2022"
                    },
                    {
                        "value": "[2021,2022)",
                        "name": "2021"
                    },
                    {
                        "value": "[2020,2021)",
                        "name": "2020"
                    },
                    {
                        "value": "[2019,2020)",
                        "name": "2019"
                    },
                    {
                        "value": "[2018,2019)",
                        "name": "2018"
                    },
                    {
                        "value": "[2017,2018)",
                        "name": "2017"
                    },
                    {
                        "value": "[2016,2017)",
                        "name": "2016"
                    },
                    {
                        "value": "[2015,2016)",
                        "name": "2015"
                    },
                    {
                        "value": "[2010,2015)",
                        "name": "2014-2010"
                    },
                    {
                        "value": "[2005,2010)",
                        "name": "2009-2005"
                    },
                    {
                        "value": "[2000,2005)",
                        "name": "2004-2000"
                    },
                    {
                        "value": "[1990,2000)",
                        "name": "90年代"
                    },
                    {
                        "value": "[1980,1990)",
                        "name": "80年代"
                    },
                    {
                        "value": "[,1980)",
                        "name": "更早"
                    }
                ],
                "free": true
            },
            {
                "title": "风格",
                "key": "style_id",
                "list": [
                    {
                        "value": -1,
                        "name": "全部"
                    },
                    {
                        "value": 10010,
                        "name": "原创"
                    },
                    {
                        "value": 10011,
                        "name": "漫画改"
                    },
                    {
                        "value": 10012,
                        "name": "小说改"
                    },
                    {
                        "value": 10013,
                        "name": "游戏改"
                    },
                    {
                        "value": 10102,
                        "name": "特摄"
                    },
                    {
                        "value": 10015,
                        "name": "布袋戏"
                    },
                    {
                        "value": 10016,
                        "name": "热血"
                    },
                    {
                        "value": 10017,
                        "name": "穿越"
                    },
                    {
                        "value": 10018,
                        "name": "奇幻"
                    },
                    {
                        "value": 10020,
                        "name": "战斗"
                    },
                    {
                        "value": 10021,
                        "name": "搞笑"
                    },
                    {
                        "value": 10022,
                        "name": "日常"
                    },
                    {
                        "value": 10023,
                        "name": "科幻"
                    },
                    {
                        "value": 10024,
                        "name": "萌系"
                    },
                    {
                        "value": 10025,
                        "name": "治愈"
                    },
                    {
                        "value": 10026,
                        "name": "校园"
                    },
                    {
                        "value": 10027,
                        "name": "少儿"
                    },
                    {
                        "value": 10028,
                        "name": "泡面"
                    },
                    {
                        "value": 10029,
                        "name": "恋爱"
                    },
                    {
                        "value": 10030,
                        "name": "少女"
                    },
                    {
                        "value": 10031,
                        "name": "魔法"
                    },
                    {
                        "value": 10032,
                        "name": "冒险"
                    },
                    {
                        "value": 10033,
                        "name": "历史"
                    },
                    {
                        "value": 10034,
                        "name": "架空"
                    },
                    {
                        "value": 10035,
                        "name": "机战"
                    },
                    {
                        "value": 10036,
                        "name": "神魔"
                    },
                    {
                        "value": 10037,
                        "name": "声控"
                    },
                    {
                        "value": 10038,
                        "name": "运动"
                    },
                    {
                        "value": 10039,
                        "name": "励志"
                    },
                    {
                        "value": 10040,
                        "name": "音乐"
                    },
                    {
                        "value": 10041,
                        "name": "推理"
                    },
                    {
                        "value": 10042,
                        "name": "社团"
                    },
                    {
                        "value": 10043,
                        "name": "智斗"
                    },
                    {
                        "value": 10044,
                        "name": "催泪"
                    },
                    {
                        "value": 10045,
                        "name": "美食"
                    },
                    {
                        "value": 10046,
                        "name": "偶像"
                    },
                    {
                        "value": 10047,
                        "name": "乙女"
                    },
                    {
                        "value": 10048,
                        "name": "职场"
                    }
                ],
                "line": 10
            }
        ],
        "orders": [
            {
                "title": "追番人数",
                "key": "3",
                "sort": "0,1"
            },
            {
                "title": "更新时间",
                "key": "0",
                "sort": "0,1"
            },
            {
                "title": "最高评分",
                "key": "4",
                "sort": "0"
            },
            {
                "title": "播放数量",
                "key": "2",
                "sort": "0,1"
            },
            {
                "title": "开播时间",
                "key": "5",
                "sort": "0,1"
            }
        ],
        "total": 0,
        "pageData": [],
        "pages": 0
    },
    "movie": {
        "indexType": "movie",
        "ssType": 2,
        "spmId": "666.23",
        "tid": 23,
        "filters": [
            {
                "title": "地区",
                "key": "area",
                "list": [
                    {
                        "value": -1,
                        "name": "全部"
                    },
                    {
                        "value": 1,
                        "name": "中国大陆"
                    },
                    {
                        "value": "6,7",
                        "name": "中国港台"
                    },
                    {
                        "value": 3,
                        "name": "美国"
                    },
                    {
                        "value": 2,
                        "name": "日本"
                    },
                    {
                        "value": 8,
                        "name": "韩国"
                    },
                    {
                        "value": 9,
                        "name": "法国"
                    },
                    {
                        "value": 4,
                        "name": "英国"
                    },
                    {
                        "value": 15,
                        "name": "德国"
                    },
                    {
                        "value": 10,
                        "name": "泰国"
                    },
                    {
                        "value": 35,
                        "name": "意大利"
                    },
                    {
                        "value": 13,
                        "name": "西班牙"
                    },
                    {
                        "value": "5,11,12,14,16,17,18,19,20,21,22,23,24,25,26,27,28,29,30,31,32,33,34,36,37,38,39,40,41,42,43,44,45,46,47,48,49,50,51,52,53,54,55,56,57,58,59,60,61,62,63,64,65,66,67,68,69,70",
                        "name": "其他"
                    }
                ],
                "free": true
            },
            {
                "title": "风格",
                "key": "style_id",
                "list": [
                    {
                        "value": -1,
                        "name": "全部"
                    },
                    {
                        "value": 10104,
                        "name": "短片"
                    },
                    {
                        "value": 10050,
                        "name": "剧情"
                    },
                    {
                        "value": 10051,
                        "name": "喜剧"
                    },
                    {
                        "value": 10052,
                        "name": "爱情"
                    },
                    {
                        "value": 10053,
                        "name": "动作"
                    },
                    {
                        "value": 10054,
                        "name": "恐怖"
                    },
                    {
                        "value": 10023,
                        "name": "科幻"
                    },
                    {
                        "value": 10055,
                        "name": "犯罪"
                    },
                    {
                        "value": 10056,
                        "name": "惊悚"
                    },
                    {
                        "value": 10057,
                        "name": "悬疑"
                    },
                    {
                        "value": 10018,
                        "name": "奇幻"
                    },
                    {
                        "value": 10058,
                        "name": "战争"
                    },
                    {
                        "value": 10059,
                        "name": "动画"
                    },
                    {
                        "value": 10060,
                        "name": "传记"
                    },
                    {
                        "value": 10061,
                        "name": "家庭"
                    },
                    {
                        "value": 10062,
                        "name": "歌舞"
                    },
                    {
                        "value": 10033,
                        "name": "历史"
                    },
                    {
                        "value": 10032,
                        "name": "冒险"
                    },
                    {
                        "value": 10063,
                        "name": "纪实"
                    },
                    {
                        "value": 10064,
                        "name": "灾难"
                    },
                    {
                        "value": 10011,
                        "name": "漫画改"
                    },
                    {
                        "value": 10012,
                        "name": "小说改"
                    }
                ],
                "line": 10,
                "free": true
            },
            {
                "title": "年份",
                "key": "release_date",
                "list": [
                    {
                        "value": -1,
                        "name": "全部"
                    },
                    {
                        "value": "[2024-01-01 00:00:00,2025-01-01 00:00:00]",
                        "name": "2024"
                    },
                    {
                        "value": "[2023-01-01 00:00:00,2024-01-01 00:00:00)",
                        "name": "2023"
                    },
                    {
                        "value": "[2022-01-01 00:00:00,2023-01-01 00:00:00)",
                        "name": "2022"
                    },
                    {
                        "value": "[2021-01-01 00:00:00,2022-01-01 00:00:00)",
                        "name": "2021"
                    },
                    {
                        "value": "[2020-01-01 00:00:00,2021-01-01 00:00:00)",
                        "name": "2020"
                    },
                    {
                        "value": "[2019-01-01 00:00:00,2020-01-01 00:00:00)",
                        "name": "2019"
                    },
                    {
                        "value": "[2018-01-01 00:00:00,2019-01-01 00:00:00)",
                        "name": "2018"
                    },
                    {
                        "value": "[2017-01-01 00:00:00,2018-01-01 00:00:00)",
                        "name": "2017"
                    },
                    {
                        "value": "[2016-01-01 00:00:00,2017-01-01 00:00:00)",
                        "name": "2016"
                    },
                    {
                        "value": "[2010-01-01 00:00:00,2016-01-01 00:00:00)",
                        "name": "2015-2010"
                    },
                    {
                        "value": "[2005-01-01 00:00:00,2010-01-01 00:00:00)",
                        "name": "2009-2005"
                    },
                    {
                        "value": "[2000-01-01 00:00:00,2005-01-01 00:00:00)",
                        "name": "2004-2000"
                    },
                    {
                        "value": "[1990-01-01 00:00:00,2000-01-01 00:00:00)",
                        "name": "90年代"
                    },
                    {
                        "value": "[1980-01-01 00:00:00,1990-01-01 00:00:00)",
                        "name": "80年代"
                    },
                    {
                        "value": "[,1980-01-01 00:00:00)",
                        "name": "更早"
                    }
                ]
            },
            {
                "title": "付费",
                "key": "season_status",
                "list": [
                    {
                        "value": -1,
                        "name": "全部"
                    },
                    {
                        "value": 1,
                        "name": "免费"
                    },
                    {
                        "value": "2,6",
                        "name": "付费"
                    },
                    {
                        "value": "4,6",
                        "name": "大会员"
                    }
                ],
                "free": true
            }
        ],
        "orders": [
            {
                "title": "播放数量",
                "key": "2",
                "sort": "0,1"
            },
            {
                "title": "更新时间",
                "key": "0",
                "sort": "0,1"
            },
            {
                "title": "上映时间",
                "key": "6",
                "sort": "0,1"
            },
            {
                "title": "最高评分",
                "key": "4",
                "sort": "0"
            }
        ],
        "total": 0,
        "pageData": [],
        "pages": 0
    },
    "tv": {
        "indexType": "tv",
        "ssType": 5,
        "spmId": "666.24",
        "tid": 11,
        "filters": [
            {
                "title": "地区",
                "key": "area",
                "list": [
                    {
                        "value": -1,
                        "name": "全部"
                    },
                    {
                        "value": "1,6,7",
                        "name": "中国"
                    },
                    {
                        "value": 2,
                        "name": "日本"
                    },
                    {
                        "value": 3,
                        "name": "美国"
                    },
                    {
                        "value": 4,
                        "name": "英国"
                    },
                    {
                        "value": "5,8,9,10,11,12,13,14,15,16,17,18,19,20,21,22,23,24,25,26,27,28,29,30,31,32,33,34,35,36,37,38,39,40,41,42,43,44,45,46,47,48,49,50,51,52,53,54,55,56,57,58,59,60,61,62,63,64,65,66,67,68,69,70",
                        "name": "其他"
                    }
                ],
                "free": true
            },
            {
                "title": "风格",
                "key": "style_id",
                "list": [
                    {
                        "value": -1,
                        "name": "全部"
                    },
                    {
                        "value": 10050,
                        "name": "剧情"
                    },
                    {
                        "value": 10084,
                        "name": "情感"
                    },
                    {
                        "value": 10021,
                        "name": "搞笑"
                    },
                    {
                        "value": 10057,
                        "name": "悬疑"
                    },
                    {
                        "value": 10080,
                        "name": "都市"
                    },
                    {
                        "value": 10061,
                        "name": "家庭"
                    },
                    {
                        "value": 10081,
                        "name": "古装"
                    },
                    {
                        "value": 10033,
                        "name": "历史"
                    },
                    {
                        "value": 10018,
                        "name": "奇幻"
                    },
                    {
                        "value": 10079,
                        "name": "青春"
                    },
                    {
                        "value": 10058,
                        "name": "战争"
                    },
                    {
                        "value": 10078,
                        "name": "武侠"
                    },
                    {
                        "value": 10039,
                        "name": "励志"
                    },
                    {
                        "value": 10103,
                        "name": "短剧"
                    },
                    {
                        "value": 10023,
                        "name": "科幻"
                    },
                    {
                        "value": "10086,10088,10089,10017,10083,10082,10087,10085",
                        "name": "其他"
                    }
                ],
                "line": 10,
                "free": true
            },
            {
                "title": "年份",
                "key": "release_date",
                "list": [
                    {
                        "value": -1,
                        "name": "全部"
                    },
                    {
                        "value": "[2024-01-01 00:00:00,2025-01-01 00:00:00]",
                        "name": "2024"
                    },
                    {
                        "value": "[2023-01-01 00:00:00,2024-01-01 00:00:00)",
                        "name": "2023"
                    },
                    {
                        "value": "[2022-01-01 00:00:00,2023-01-01 00:00:00)",
                        "name": "2022"
                    },
                    {
                        "value": "[2021-01-01 00:00:00,2022-01-01 00:00:00)",
                        "name": "2021"
                    },
                    {
                        "value": "[2020-01-01 00:00:00,2021-01-01 00:00:00)",
                        "name": "2020"
                    },
                    {
                        "value": "[2019-01-01 00:00:00,2020-01-01 00:00:00)",
                        "name": "2019"
                    },
                    {
                        "value": "[2018-01-01 00:00:00,2019-01-01 00:00:00)",
                        "name": "2018"
                    },
                    {
                        "value": "[2017-01-01 00:00:00,2018-01-01 00:00:00)",
                        "name": "2017"
                    },
                    {
                        "value": "[2016-01-01 00:00:00,2017-01-01 00:00:00)",
                        "name": "2016"
                    },
                    {
                        "value": "[2010-01-01 00:00:00,2016-01-01 00:00:00)",
                        "name": "2015-2010"
                    },
                    {
                        "value": "[2005-01-01 00:00:00,2010-01-01 00:00:00)",
                        "name": "2009-2005"
                    },
                    {
                        "value": "[2000-01-01 00:00:00,2005-01-01 00:00:00)",
                        "name": "2004-2000"
                    },
                    {
                        "value": "[1990-01-01 00:00:00,2000-01-01 00:00:00)",
                        "name": "90年代"
                    },
                    {
                        "value": "[1980-01-01 00:00:00,1990-01-01 00:00:00)",
                        "name": "80年代"
                    },
                    {
                        "value": "[,1980-01-01 00:00:00)",
                        "name": "更早"
                    }
                ]
            },
            {
                "title": "付费",
                "key": "season_status",
                "list": [
                    {
                        "value": -1,
                        "name": "全部"
                    },
                    {
                        "value": 1,
                        "name": "免费"
                    },
                    {
                        "value": "4,6",
                        "name": "大会员"
                    }
                ],
                "free": true
            }
        ],
        "orders": [
            {
                "title": "播放数量",
                "key": "2",
                "sort": "0,1"
            },
            {
                "title": "更新时间",
                "key": "0",
                "sort": "0,1"
            },
            {
                "title": "弹幕数量",
                "key": "1",
                "sort": "0,1"
            },
            {
                "title": "最高评分",
                "key": "4",
                "sort": "0"
            },
            {
                "title": "追剧人数",
                "key": "3",
                "sort": "0,1"
            }
        ],
        "total": 0,
        "pageData": [],
        "pages": 0
    },
    "documentary": {
        "indexType": "documentary",
        "ssType": 3,
        "spmId": "666.22",
        "tid": 177,
        "filters": [
            {
                "title": "风格",
                "key": "style_id",
                "list": [
                    {
                        "value": -1,
                        "name": "全部"
                    },
                    {
                        "value": 10033,
                        "name": "历史"
                    },
                    {
                        "value": 10045,
                        "name": "美食"
                    },
                    {
                        "value": 10065,
                        "name": "人文"
                    },
                    {
                        "value": 10066,
                        "name": "科技"
                    },
                    {
                        "value": 10067,
                        "name": "探险"
                    },
                    {
                        "value": 10068,
                        "name": "宇宙"
                    },
                    {
                        "value": 10069,
                        "name": "萌宠"
                    },
                    {
                        "value": 10070,
                        "name": "社会"
                    },
                    {
                        "value": 10071,
                        "name": "动物"
                    },
                    {
                        "value": 10072,
                        "name": "自然"
                    },
                    {
                        "value": 10073,
                        "name": "医疗"
                    },
                    {
                        "value": 10074,
                        "name": "军事"
                    },
                    {
                        "value": 10064,
                        "name": "灾难"
                    },
                    {
                        "value": 10075,
                        "name": "罪案"
                    },
                    {
                        "value": 10076,
                        "name": "神秘"
                    },
                    {
                        "value": 10077,
                        "name": "旅行"
                    },
                    {
                        "value": 10038,
                        "name": "运动"
                    },
                    {
                        "value": -10,
                        "name": "电影"
                    }
                ],
                "line": 10,
                "free": true
            },
            {
                "title": "出品",
                "key": "producer_id",
                "list": [
                    {
                        "value": -1,
                        "name": "全部"
                    },
                    {
                        "value": 4,
                        "name": "央视"
                    },
                    {
                        "value": 1,
                        "name": "BBC"
                    },
                    {
                        "value": 7,
                        "name": "探索频道"
                    },
                    {
                        "value": 14,
                        "name": "国家地理"
                    },
                    {
                        "value": 2,
                        "name": "NHK"
                    },
                    {
                        "value": 6,
                        "name": "历史频道"
                    },
                    {
                        "value": 8,
                        "name": "卫视"
                    },
                    {
                        "value": 9,
                        "name": "自制"
                    },
                    {
                        "value": 5,
                        "name": "ITV"
                    },
                    {
                        "value": 3,
                        "name": "SKY"
                    },
                    {
                        "value": 10,
                        "name": "ZDF"
                    },
                    {
                        "value": 11,
                        "name": "合作机构"
                    },
                    {
                        "value": 12,
                        "name": "国内其他"
                    },
                    {
                        "value": 13,
                        "name": "国外其他"
                    },
                    {
                        "value": 15,
                        "name": "索尼"
                    },
                    {
                        "value": 16,
                        "name": "环球"
                    },
                    {
                        "value": 17,
                        "name": "派拉蒙"
                    },
                    {
                        "value": 18,
                        "name": "华纳"
                    },
                    {
                        "value": 19,
                        "name": "迪士尼"
                    },
                    {
                        "value": 20,
                        "name": "HBO"
                    }
                ],
                "free": true
            },
            {
                "title": "年份",
                "key": "release_date",
                "list": [
                    {
                        "value": -1,
                        "name": "全部"
                    },
                    {
                        "value": "[2024-01-01 00:00:00,2025-01-01 00:00:00]",
                        "name": "2024"
                    },
                    {
                        "value": "[2023-01-01 00:00:00,2024-01-01 00:00:00)",
                        "name": "2023"
                    },
                    {
                        "value": "[2022-01-01 00:00:00,2023-01-01 00:00:00)",
                        "name": "2022"
                    },
                    {
                        "value": "[2021-01-01 00:00:00,2022-01-01 00:00:00)",
                        "name": "2021"
                    },
                    {
                        "value": "[2020-01-01 00:00:00,2021-01-01 00:00:00)",
                        "name": "2020"
                    },
                    {
                        "value": "[2019-01-01 00:00:00,2020-01-01 00:00:00)",
                        "name": "2019"
                    },
                    {
                        "value": "[2018-01-01 00:00:00,2019-01-01 00:00:00)",
                        "name": "2018"
                    },
                    {
                        "value": "[2017-01-01 00:00:00,2018-01-01 00:00:00)",
                        "name": "2017"
                    },
                    {
                        "value": "[2016-01-01 00:00:00,2017-01-01 00:00:00)",
                        "name": "2016"
                    },
                    {
                        "value": "[2010-01-01 00:00:00,2016-01-01 00:00:00)",
                        "name": "2015-2010"
                    },
                    {
                        "value": "[2005-01-01 00:00:00,2010-01-01 00:00:00)",
                        "name": "2009-2005"
                    },
                    {
                        "value": "[2000-01-01 00:00:00,2005-01-01 00:00:00)",
                        "name": "2004-2000"
                    },
                    {
                        "value": "[1990-01-01 00:00:00,2000-01-01 00:00:00)",
                        "name": "90年代"
                    },
                    {
                        "value": "[1980-01-01 00:00:00,1990-01-01 00:00:00)",
                        "name": "80年代"
                    },
                    {
                        "value": "[,1980-01-01 00:00:00)",
                        "name": "更早"
                    }
                ]
            },
            {
                "title": "付费",
                "key": "season_status",
                "list": [
                    {
                        "value": -1,
                        "name": "全部"
                    },
                    {
                        "value": 1,
                        "name": "免费"
                    },
                    {
                        "value": "4,6",
                        "name": "大会员"
                    }
                ],
                "free": true
            }
        ],
        "orders": [
            {
                "title": "播放数量",
                "key": "2",
                "sort": "0,1"
            },
            {
                "title": "最高评分",
                "key": "4",
                "sort": "0"
            },
            {
                "title": "更新时间",
                "key": "0",
                "sort": "0,1"
            },
            {
                "title": "上映时间",
                "key": "6",
                "sort": "0,1"
            },
            {
                "title": "弹幕数量",
                "key": "1",
                "sort": "0,1"
            }
        ],
        "total": 0,
        "pageData": [],
        "pages": 0
    },
    "variety": {
        "indexType": "variety",
        "ssType": 7,
        "spmId": "666.10",
        "tid": 11,
        "filters": [
            {
                "title": "付费",
                "key": "season_status",
                "list": [
                    {
                        "value": -1,
                        "name": "全部"
                    },
                    {
                        "value": 1,
                        "name": "免费"
                    },
                    {
                        "value": "4,6",
                        "name": "大会员"
                    }
                ],
                "free": true
            },
            {
                "title": "风格",
                "key": "style_id",
                "list": [
                    {
                        "value": -1,
                        "name": "全部"
                    },
                    {
                        "value": 10040,
                        "name": "音乐"
                    },
                    {
                        "value": 10090,
                        "name": "访谈"
                    },
                    {
                        "value": 10091,
                        "name": "脱口秀"
                    },
                    {
                        "value": 10092,
                        "name": "真人秀"
                    },
                    {
                        "value": 10094,
                        "name": "选秀"
                    },
                    {
                        "value": 10045,
                        "name": "美食"
                    },
                    {
                        "value": 10095,
                        "name": "旅游"
                    },
                    {
                        "value": 10098,
                        "name": "晚会"
                    },
                    {
                        "value": 10096,
                        "name": "演唱会"
                    },
                    {
                        "value": 10084,
                        "name": "情感"
                    },
                    {
                        "value": 10051,
                        "name": "喜剧"
                    },
                    {
                        "value": 10097,
                        "name": "亲子"
                    },
                    {
                        "value": 10100,
                        "name": "文化"
                    },
                    {
                        "value": 10048,
                        "name": "职场"
                    },
                    {
                        "value": 10069,
                        "name": "萌宠"
                    },
                    {
                        "value": 10099,
                        "name": "养成"
                    }
                ],
                "line": 10,
                "free": true
            }
        ],
        "orders": [
            {
                "title": "最多播放",
                "key": "2",
                "sort": "0,1"
            },
            {
                "title": "最近更新",
                "key": "0",
                "sort": "0,1"
            },
            {
                "title": "最新上映",
                "key": "6",
                "sort": "0,1"
            },
            {
                "title": "最高评分",
                "key": "4",
                "sort": "0"
            },
            {
                "title": "弹幕数量",
                "key": "1",
                "sort": "0,1"
            }
        ],
        "total": 0,
        "pageData": [],
        "pages": 0
    },
    "guochuang": {
        "indexType": "guochuang",
        "ssType": 4,
        "spmId": "666.16",
        "tid": 167,
        "filters": [
            {
                "title": "类型",
                "key": "season_version",
                "list": [
                    {
                        "value": -1,
                        "name": "全部"
                    },
                    {
                        "value": 1,
                        "name": "正片"
                    },
                    {
                        "value": 2,
                        "name": "电影"
                    },
                    {
                        "value": 3,
                        "name": "其他"
                    }
                ]
            },
            {
                "title": "状态",
                "key": "is_finish",
                "list": [
                    {
                        "value": -1,
                        "name": "全部"
                    },
                    {
                        "value": 1,
                        "name": "完结"
                    },
                    {
                        "value": 0,
                        "name": "连载"
                    }
                ]
            },
            {
                "title": "版权",
                "key": "copyright",
                "list": [
                    {
                        "value": -1,
                        "name": "全部"
                    },
                    {
                        "value": 3,
                        "name": "独家"
                    },
                    {
                        "value": "1,2,4",
                        "name": "其他"
                    }
                ]
            },
            {
                "title": "付费",
                "key": "season_status",
                "list": [
                    {
                        "value": -1,
                        "name": "全部"
                    },
                    {
                        "value": 1,
                        "name": "免费"
                    },
                    {
                        "value": "2,6",
                        "name": "付费"
                    },
                    {
                        "value": "4,6",
                        "name": "大会员"
                    }
                ],
                "free": true
            },
            {
                "title": "年份",
                "key": "year",
                "list": [
                    {
                        "value": -1,
                        "name": "全部"
                    },
                    {
                        "value": "[2025,2026)",
                        "name": "2025"
                    },
                    {
                        "value": "[2024,2025)",
                        "name": "2024"
                    },
                    {
                        "value": "[2023,2024)",
                        "name": "2023"
                    },
                    {
                        "value": "[2022,2023)",
                        "name": "2022"
                    },
                    {
                        "value": "[2021,2022)",
                        "name": "2021"
                    },
                    {
                        "value": "[2020,2021)",
                        "name": "2020"
                    },
                    {
                        "value": "[2019,2020)",
                        "name": "2019"
                    },
                    {
                        "value": "[2018,2019)",
                        "name": "2018"
                    },
                    {
                        "value": "[2017,2018)",
                        "name": "2017"
                    },
                    {
                        "value": "[2016,2017)",
                        "name": "2016"
                    },
                    {
                        "value": "[2015,2016)",
                        "name": "2015"
                    },
                    {
                        "value": "[2010,2015)",
                        "name": "2014-2010"
                    },
                    {
                        "value": "[2005,2010)",
                        "name": "2009-2005"
                    },
                    {
                        "value": "[2000,2005)",
                        "name": "2004-2000"
                    },
                    {
                        "value": "[1990,2000)",
                        "name": "90年代"
                    },
                    {
                        "value": "[1980,1990)",
                        "name": "80年代"
                    },
                    {
                        "value": "[,1980)",
                        "name": "更早"
                    }
                ],
                "free": true
            },
            {
                "title": "风格",
                "key": "style_id",
                "list": [
                    {
                        "value": -1,
                        "name": "全部"
                    },
                    {
                        "value": 10010,
                        "name": "原创"
                    },
                    {
                        "value": 10011,
                        "name": "漫画改"
                    },
                    {
                        "value": 10012,
                        "name": "小说改"
                    },
                    {
                        "value": 10013,
                        "name": "游戏改"
                    },
                    {
                        "value": 10014,
                        "name": "动态漫"
                    },
                    {
                        "value": 10015,
                        "name": "布袋戏"
                    },
                    {
                        "value": 10016,
                        "name": "热血"
                    },
                    {
                        "value": 10018,
                        "name": "奇幻"
                    },
                    {
                        "value": 10019,
                        "name": "玄幻"
                    },
                    {
                        "value": 10020,
                        "name": "战斗"
                    },
                    {
                        "value": 10021,
                        "name": "搞笑"
                    },
                    {
                        "value": 10078,
                        "name": "武侠"
                    },
                    {
                        "value": 10022,
                        "name": "日常"
                    },
                    {
                        "value": 10023,
                        "name": "科幻"
                    },
                    {
                        "value": 10024,
                        "name": "萌系"
                    },
                    {
                        "value": 10025,
                        "name": "治愈"
                    },
                    {
                        "value": 10057,
                        "name": "悬疑"
                    },
                    {
                        "value": 10026,
                        "name": "校园"
                    },
                    {
                        "value": 10027,
                        "name": "少儿"
                    },
                    {
                        "value": 10028,
                        "name": "泡面"
                    },
                    {
                        "value": 10029,
                        "name": "恋爱"
                    },
                    {
                        "value": 10030,
                        "name": "少女"
                    },
                    {
                        "value": 10031,
                        "name": "魔法"
                    },
                    {
                        "value": 10033,
                        "name": "历史"
                    },
                    {
                        "value": 10035,
                        "name": "机战"
                    },
                    {
                        "value": 10036,
                        "name": "神魔"
                    },
                    {
                        "value": 10037,
                        "name": "声控"
                    },
                    {
                        "value": 10038,
                        "name": "运动"
                    },
                    {
                        "value": 10039,
                        "name": "励志"
                    },
                    {
                        "value": 10040,
                        "name": "音乐"
                    },
                    {
                        "value": 10041,
                        "name": "推理"
                    },
                    {
                        "value": 10042,
                        "name": "社团"
                    },
                    {
                        "value": 10043,
                        "name": "智斗"
                    },
                    {
                        "value": 10044,
                        "name": "催泪"
                    },
                    {
                        "value": 10045,
                        "name": "美食"
                    },
                    {
                        "value": 10046,
                        "name": "偶像"
                    },
                    {
                        "value": 10047,
                        "name": "乙女"
                    },
                    {
                        "value": 10048,
                        "name": "职场"
                    },
                    {
                        "value": 10049,
                        "name": "古风"
                    }
                ],
                "line": 10
            }
        ],
        "orders": [
            {
                "title": "追番人数",
                "key": "3",
                "sort": "0,1"
            },
            {
                "title": "更新时间",
                "key": "0",
                "sort": "0,1"
            },
            {
                "title": "最高评分",
                "key": "4",
                "sort": "0"
            },
            {
                "title": "播放数量",
                "key": "2",
                "sort": "0,1"
            },
            {
                "title": "开播时间",
                "key": "5",
                "sort": "0,1"
            }
        ],
        "total": 0,
        "pageData": [],
        "pages": 0
    }
}