{
  "info": {
    "check_cookies": {
      "url": "https://passport.bilibili.com/x/passport-login/web/cookie/info",
      "method": "GET",
      "verify": true,
      "comment": "检查是否需要刷新 Cookie"
    },
    "valid": {
      "url": "https://api.bilibili.com/x/web-interface/nav",
      "method": "GET",
      "verify": false,
      "ignore_code": true,
      "comment": "（本质作用为获取 cookies 信息）如果 code = 0 则 cookies 有效"
    },
    "spi": {
      "url": "https://api.bilibili.com/x/frontend/finger/spi",
      "method": "GET",
      "verify": false,
      "comment": "获取 buvid3 / buvid4"
    },
    "ticket": {
      "url": "https://api.bilibili.com/bapis/bilibili.api.ticket.v1.Ticket/GenWebTicket",
      "method": "POST",
      "params": {
        "key_id": "str: ec02",
        "hexsign": "str: hmac_sha256(\"XgwSnGZ1p\", f\"ts{int(time.time())}\")",
        "content[ts]": "int: time stamp",
        "csrf": ""
      },
      "verify": false,
      "comment": "获取 bili_ticket"
    }
  },
  "operate": {
    "get_refresh_csrf": {
      "url": "https://www.bilibili.com/correspond/1/{correspondPath}",
      "method": "GET",
      "verify": true,
      "comment": "获取刷新 CSRF，记得替换 correspondPath"
    },
    "refresh_cookies": {
      "url": "https://passport.bilibili.com/x/passport-login/web/cookie/refresh",
      "method": "POST",
      "verify": true,
      "data": {
        "refresh_csrf": "refresh_csrf",
        "csrf": "Cookie 中的 bili_jct 字段",
        "source": "main_web",
        "refresh_token": "Cookie 中的 ac_time_value 字段"
      },
      "comment": "刷新 Cookies"
    },
    "confirm_refresh": {
      "url": "https://passport.bilibili.com/x/passport-login/web/confirm/refresh",
      "method": "POST",
      "verify": true,
      "data": {
        "csrf": "从新的 cookie 中获取",
        "refresh_token": "在刷新前 localStorage 中的ac_time_value获取，并非刷新后返回的值"
      },
      "comment": "确认刷新"
    },
    "active": {
      "url": "https://api.bilibili.com/x/internal/gaia-gateway/ExClimbWuzhi",
      "method": "POST",
      "verify": false,
      "json_body": true,
      "data": "see https://github.com/SocialSisterYi/bilibili-API-collect/issues/933",
      "comment": "激活 buvid3"
    }
  }
}
