{
    "list": {
        "url": "https://api.bilibili.com/x/emote/user/panel/web",
        "method": "GET",
        "verify": false,
        "params": {
            "business": "使用场景 reply/dynamic"
        },
        "comment": "获取表情包"
    },
    "detail": {
        "url": "https://api.bilibili.com/x/emote/package",
        "method": "GET",
        "verify": false,
        "params": {
            "business": "使用场景 reply/dynamic",
            "ids": "int/list[int]: 查询 id"
        },
        "comment": "获取表情包系列明细"
    },
    "all": {
        "url": "https://api.bilibili.com/x/emote/setting/panel",
        "method": "GET",
        "verify": true,
        "params": {
            "business": "使用场景 reply/dynamic"
        },
        "comment": "获取所有表情包"
    }
}
