{
  "info": {
    "top_photo": {
      "url": "https://api.bilibili.com/x/web-show/page/header",
      "method": "GET",
      "params": {
        "resource_id": "int: 142"
      },
      "verify": false,
      "comment": "获取主页最上方的图像"
    },
    "links": {
      "url": "https://api.bilibili.com/x/web-show/res/locs",
      "method": "GET",
      "params": {
        "pf": "int: 0",
        "ids": "int: 4694"
      },
      "verify": false,
      "comment": "获取主页左面的链接列表"
    },
    "popularize": {
      "url": "https://api.bilibili.com/x/web-show/res/locs",
      "method": "GET",
      "params": {
        "pf": "int: 0",
        "ids": "int: 34"
      },
      "verify": false,
      "comment": "获取推广的项目"
    },
    "videos": {
      "url": "https://api.bilibili.com/x/web-interface/index/top/rcmd",
      "method": "GET",
      "verify": false,
      "comment": "获取主页推荐的视频"
    }
  },
  "list": {
    "folder": {
      "url": "https://api.bilibili.com/x/v3/fav/folder/list4navigate",
      "method": "GET",
      "verify": true,
      "params": {
        "web_location": "333.1007"
      },
      "comment": "获取主页右上角视频相关列表（收藏夹+稍后再看）"
    },
    "resource": {
      "url": "https://api.bilibili.com/x/v3/fav/resource/list4navigate",
      "method": "GET",
      "verify": true,
      "params": {
        "web_location": "333.1007",
        "platform": "web",
        "media_id": "int: 收藏夹 id"
      },
      "comment": "获取主页右上角视频相关列表（收藏夹+稍后再看）内容"
    }
  }
}
